Model,Confidence_Threshold,mAP@0.5,mAP@0.5:0.95,Recall@100,FPS,Speed_ms,Total_Detections,Total_GT,Avg_Confidence
YOLOv11,0.01,94.8716938495636,59.24409031867981,65.74074029922485,22.410244170656945,44.62245000031544,855,324,0.3293607532978058
YOLOv11,0.03,94.8716938495636,59.18884873390198,65.61728119850159,22.298494636271272,44.846076666241665,546,324,0.50633704662323
YOLOv11,0.049999999999999996,94.26119923591614,59.0692937374115,65.4321014881134,20.736217275825954,48.22480333314161,474,324,0.5772470831871033
YOLOv11,0.06999999999999999,94.26119923591614,59.0692937374115,65.4321014881134,18.564271426236203,53.86691333260387,437,324,0.6212833523750305
YOLOv11,0.08999999999999998,94.26119923591614,58.866333961486816,65.24691581726074,22.51053718227154,44.42364000036226,413,324,0.6528398990631104
YOLOv11,0.10999999999999997,94.26119923591614,58.866333961486816,65.24691581726074,22.44465372879747,44.55403999915385,397,324,0.6751312613487244
YOLOv11,0.12999999999999998,94.26119923591614,58.80601406097412,65.06173014640808,21.951663899539888,45.55463333332833,388,324,0.6879631876945496
YOLOv11,0.15,94.26119923591614,58.80601406097412,65.06173014640808,21.687865350231856,46.10873333319129,377,324,0.7039414048194885
YOLOv11,0.16999999999999998,94.26119923591614,58.80601406097412,65.06173014640808,22.46129862131988,44.521023332587596,372,324,0.7112678289413452
YOLOv11,0.18999999999999997,94.26119923591614,58.80601406097412,65.06173014640808,20.69415650861106,48.32281999915722,362,324,0.7259762287139893
YOLOv11,0.20999999999999996,94.26119923591614,58.80601406097412,65.06173014640808,22.44215030815221,44.5590099998905,359,324,0.7304272651672363
YOLOv11,0.22999999999999998,94.26119923591614,58.651530742645264,64.75308537483215,22.696383293488935,44.059883333344864,353,324,0.7390801906585693
YOLOv11,0.24999999999999997,93.38991045951843,58.33059549331665,64.5061731338501,22.72996760623609,43.99478333289153,346,324,0.7491790652275085
YOLOv11,0.26999999999999996,93.38991045951843,58.33059549331665,64.5061731338501,21.4595590314181,46.59928000085832,342,324,0.7549068331718445
YOLOv11,0.29,92.49619245529175,57.81550407409668,63.76543045043945,21.129339235621327,47.327556666520344,334,324,0.766254186630249
YOLOv11,0.30999999999999994,92.49619245529175,57.81550407409668,63.76543045043945,21.837769105882117,45.79222333341022,331,324,0.7704982161521912
YOLOv11,0.32999999999999996,92.49619245529175,57.74577260017395,63.58024477958679,21.196531484027126,47.177530000772094,327,324,0.7760255932807922
YOLOv11,0.35,91.57898426055908,57.490354776382446,63.425928354263306,22.33391329562722,44.77495666627268,325,324,0.7787412405014038
YOLOv11,0.36999999999999994,91.57898426055908,57.490354776382446,63.425928354263306,21.67938957783459,46.12675999984882,323,324,0.7813453674316406
YOLOv11,0.38999999999999996,91.57858490943909,57.25530982017517,62.962961196899414,21.22713351267208,47.10951666662974,320,324,0.7850882411003113
YOLOv11,0.4099999999999999,90.65346121788025,57.077401876449585,62.77777552604675,21.33493241036692,46.87148666635039,318,324,0.7875117063522339
YOLOv11,0.42999999999999994,90.65346121788025,56.81748390197754,62.5308632850647,21.890206168365744,45.68253000034019,315,324,0.7910497188568115
YOLOv11,0.44999999999999996,90.65346121788025,56.81748390197754,62.40741014480591,21.52923134964131,46.448476666895054,313,324,0.7933518886566162
YOLOv11,0.4699999999999999,90.65346121788025,56.81748390197754,62.40741014480591,18.649197590090008,53.62161000060345,313,324,0.7933518886566162
YOLOv11,0.48999999999999994,89.71731066703796,56.545490026474,62.253087759017944,20.34773740634202,49.14551333301157,311,324,0.7953866124153137
YOLOv11,0.5099999999999999,89.71731066703796,56.545490026474,62.253087759017944,21.32745036964978,46.887929999502376,311,324,0.7953866124153137
YOLOv11,0.5299999999999999,89.71731066703796,56.455713510513306,62.09876537322998,21.515109810711845,46.47896333311413,309,324,0.7971596717834473
YOLOv11,0.5499999999999999,88.77847790718079,56.02549910545349,61.666667461395264,21.568104741777884,46.3647599996572,304,324,0.8014359474182129
YOLOv11,0.57,88.77833485603333,55.93758821487427,61.450618505477905,22.183245438126978,45.079066667191604,302,324,0.8030348420143127
YOLOv11,0.59,87.83072233200073,55.65862059593201,61.14197373390198,21.720078149131552,46.04034999938449,299,324,0.805302083492279
YOLOv11,0.6099999999999999,86.880362033844,54.98649477958679,60.277777910232544,21.785071677849963,45.90299333358416,294,324,0.8088465929031372
YOLOv11,0.6299999999999999,85.9271764755249,54.50378656387329,59.72222089767456,21.30119182269451,46.94573000063732,291,324,0.8108159899711609
YOLOv11,0.6499999999999999,84.97450351715088,54.16830778121948,59.35184955596924,21.668303345468168,46.150360000804845,288,324,0.8126152753829956
YOLOv11,0.6699999999999999,84.97450351715088,53.78519296646118,58.76542925834656,21.72319694241973,46.033739999256795,284,324,0.8147587776184082
YOLOv11,0.69,83.04333686828613,52.60550379753113,57.376545667648315,22.087537327722917,45.27440000044104,275,324,0.81913822889328
YOLOv11,0.7099999999999999,80.12033700942993,51.24140381813049,56.01851940155029,21.241470487135647,47.07772000086455,265,324,0.8236156702041626
YOLOv11,0.7299999999999999,78.1623363494873,50.44270157814026,54.907405376434326,21.95533801200014,45.54701000063991,257,324,0.8268389105796814
YOLOv11,0.7499999999999999,75.21896362304688,48.93985986709595,53.30246686935425,22.694769347582653,44.06301666628375,247,324,0.830409586429596
YOLOv11,0.7699999999999999,70.29268741607666,46.48412764072418,50.339508056640625,21.54160175170332,46.421803333214484,228,324,0.8363760113716125
YOLOv11,0.7899999999999999,61.38613820075989,42.217618227005005,45.586419105529785,22.598556825884007,44.25061333361858,200,324,0.8443148732185364
YOLOv11,0.8099999999999998,51.485151052474976,36.13463342189789,39.01234567165375,21.01147268413539,47.5930466670737,167,324,0.8530027270317078
YOLOv11,0.8299999999999998,41.584157943725586,29.85176146030426,31.94444477558136,20.99323031300968,47.63440333335893,134,324,0.8609371185302734
YOLOv11,0.8499999999999999,29.702970385551453,21.999642252922058,23.456789553165436,21.769453074189716,45.93592666715267,95,324,0.8699323534965515
YOLOv11,0.8699999999999999,13.861386477947235,10.596263408660889,11.327160149812698,22.112416873598686,45.223460000609826,45,324,0.8809234499931335
YOLOv11,0.8899999999999999,2.9702970758080482,2.0990099757909775,1.7592592164874077,22.579712594432714,44.28754333421239,7,324,0.8956543803215027
YOLOv11,0.9099999999999999,0.0,0.0,0.0,22.45353185480417,44.53642333270788,0,324,0.0
YOLOv11,0.9299999999999998,0.0,0.0,0.0,21.659214212559647,46.1697266662668,0,324,0.0
YOLOv11,0.9499999999999998,0.0,0.0,0.0,24.41193877236516,40.96356333369234,0,324,0.0
YOLOv11,0.9699999999999999,0.0,0.0,0.0,22.63676852620845,44.17591666594186,0,324,0.0
YOLOv11,0.9899999999999999,0.0,0.0,0.0,22.39450731439204,44.653806666125696,0,324,0.0
YOLOv12,0.01,95.51175236701965,57.61792063713074,64.01234865188599,21.368359969262436,46.798163333005505,642,324,0.44101428985595703
YOLOv12,0.03,94.98758316040039,57.41203427314758,63.5185182094574,20.09135270195062,49.77265666651268,444,324,0.6304551362991333
YOLOv12,0.049999999999999996,94.98758316040039,57.285916805267334,63.425928354263306,21.408618596072184,46.7101599999296,402,324,0.6922310590744019
YOLOv12,0.06999999999999999,94.20154690742493,57.05665349960327,63.11728358268738,20.514674899277598,48.74559333305418,389,324,0.7134068608283997
YOLOv12,0.08999999999999998,94.20154690742493,57.05665349960327,63.11728358268738,20.417198223115573,48.978316665791986,377,324,0.7335242033004761
YOLOv12,0.10999999999999997,94.20154690742493,56.756287813186646,62.77777552604675,20.204987682243893,49.49272999947425,366,324,0.7526538372039795
YOLOv12,0.12999999999999998,94.20154690742493,56.756287813186646,62.77777552604675,20.753432617935562,48.18479999958072,357,324,0.7686631679534912
YOLOv12,0.15,94.20154690742493,56.756287813186646,62.746912240982056,20.45506519887934,48.88764666732944,352,324,0.7776013016700745
YOLOv12,0.16999999999999998,94.20154690742493,56.756287813186646,62.746912240982056,20.266952242131403,49.34140999854814,352,324,0.7776013016700745
YOLOv12,0.18999999999999997,93.33521127700806,56.36352300643921,62.28395104408264,20.200984986489285,49.50253666684148,346,324,0.7879538536071777
YOLOv12,0.20999999999999996,93.33521127700806,56.36352300643921,62.28395104408264,19.28696476977068,51.848490000217375,345,324,0.7896689772605896
YOLOv12,0.22999999999999998,92.45990514755249,56.27599358558655,62.253087759017944,20.222076144059503,49.45090666636437,340,324,0.7980257868766785
YOLOv12,0.24999999999999997,92.45990514755249,56.27599358558655,62.19135522842407,19.895915182983547,50.261573333167085,338,324,0.8013169765472412
YOLOv12,0.26999999999999996,92.45990514755249,56.27599358558655,62.19135522842407,22.478357275145733,44.487236667676676,335,324,0.8061544299125671
YOLOv12,0.29,92.45990514755249,56.27599358558655,62.19135522842407,20.481470209193194,48.82461999974718,333,324,0.8093327879905701
YOLOv12,0.30999999999999994,92.45990514755249,56.27599358558655,62.19135522842407,20.613726996987285,48.51136333309114,332,324,0.8108667731285095
YOLOv12,0.32999999999999996,92.45990514755249,56.27599358558655,62.19135522842407,20.275481616997862,49.320653333415976,329,324,0.8153345584869385
YOLOv12,0.35,91.54804944992065,56.01997375488281,61.759257316589355,19.833648577932795,50.41936666724117,325,324,0.8212356567382812
YOLOv12,0.36999999999999994,91.54804944992065,56.01997375488281,61.759257316589355,20.03337426608259,49.91670333304986,324,324,0.8226531744003296
YOLOv12,0.38999999999999996,91.54804944992065,56.01997375488281,61.759257316589355,19.653090202822735,50.88258333319876,321,324,0.8267993330955505
YOLOv12,0.4099999999999999,91.54804944992065,55.932724475860596,61.574071645736694,20.340367574877753,49.163319999934174,319,324,0.8294540047645569
YOLOv12,0.42999999999999994,91.54804944992065,55.932724475860596,61.574071645736694,20.087136659751184,49.78310333317495,315,324,0.8346552848815918
YOLOv12,0.44999999999999996,91.54804944992065,55.932724475860596,61.574071645736694,20.177581550112563,49.55995333317939,314,324,0.8359307646751404
YOLOv12,0.4699999999999999,90.60525298118591,55.83844184875488,61.5123450756073,20.745796158293853,48.2025366666979,313,324,0.8371360898017883
YOLOv12,0.48999999999999994,90.60525298118591,55.83844184875488,61.4814817905426,20.154105004819034,49.617683333538785,311,324,0.8394166827201843
YOLOv12,0.5099999999999999,90.60497879981995,55.57972192764282,61.23456954956055,20.118949938168956,49.704383333786005,308,324,0.8427287936210632
YOLOv12,0.5299999999999999,89.65667486190796,55.37334084510803,60.987651348114014,20.36106825300203,49.113336666535666,307,324,0.8437721729278564
YOLOv12,0.5499999999999999,89.65667486190796,55.37334084510803,60.987651348114014,20.3814940113543,49.06411666597705,305,324,0.8457854986190796
YOLOv12,0.57,89.65667486190796,55.37334084510803,60.987651348114014,20.19453394508218,49.5183500010171,305,324,0.8457854986190796
YOLOv12,0.59,89.65655565261841,55.18890619277954,60.864198207855225,19.667291059456282,50.845843333324105,304,324,0.8466405868530273
YOLOv12,0.6099999999999999,88.70227932929993,55.00684380531311,60.43210029602051,20.386964981847957,49.05095000115883,302,324,0.8482807278633118
YOLOv12,0.6299999999999999,88.70227932929993,55.00684380531311,60.43210029602051,20.25122043995733,49.3797399996159,300,324,0.849810004234314
YOLOv12,0.6499999999999999,88.70227932929993,54.74112629890442,60.277777910232544,21.80853055259872,45.85361666565101,299,324,0.8505021333694458
YOLOv12,0.6699999999999999,87.735116481781,54.15693521499634,59.62963104248047,21.1133253519469,47.36345333246087,293,324,0.8543992042541504
YOLOv12,0.69,86.7685079574585,53.911930322647095,59.16666388511658,20.2197332330061,49.4566366665822,291,324,0.85554438829422
YOLOv12,0.7099999999999999,85.80222725868225,53.27211022377014,58.487653732299805,20.57210474737918,48.60951333272775,286,324,0.8581759333610535
YOLOv12,0.7299999999999999,83.86371731758118,52.501922845840454,57.80864357948303,20.3613943886323,49.11255000091236,281,324,0.8606709837913513
YOLOv12,0.7499999999999999,82.89129734039307,51.92757844924927,57.00617432594299,20.13171239947129,49.672873333232324,277,324,0.8623722791671753
YOLOv12,0.7699999999999999,82.89093375205994,51.86946988105774,56.697529554367065,20.204046048866424,49.49503666648525,274,324,0.8634600639343262
YOLOv12,0.7899999999999999,79.96180653572083,50.27109980583191,54.9691379070282,19.473783321870354,51.35108999990431,264,324,0.8665550351142883
YOLOv12,0.8099999999999998,74.1042971611023,47.11557626724243,51.20370388031006,19.99762561531144,50.005936666517904,243,324,0.8720845580101013
YOLOv12,0.8299999999999998,66.25282168388367,43.566909432411194,47.12963104248047,21.996711931622897,45.461339999747,219,324,0.8779930472373962
YOLOv12,0.8499999999999999,56.4302921295166,38.69704008102417,41.66666567325592,21.20544920698909,47.15768999934274,185,324,0.8846941590309143
YOLOv12,0.8699999999999999,43.56435537338257,31.176817417144775,33.086419105529785,20.344199441611103,49.154059999758225,140,324,0.8923354148864746
YOLOv12,0.8899999999999999,23.762376606464386,18.37899386882782,19.074073433876038,20.848949775796548,47.9640466667964,76,324,0.9029064774513245
YOLOv12,0.9099999999999999,5.9405941516160965,5.011572688817978,4.691357910633087,21.069109840208345,47.46285000098093,17,324,0.9167038202285767
YOLOv12,0.9299999999999998,0.0,0.0,0.0,20.601291261326217,48.54064666700045,0,324,0.0
YOLOv12,0.9499999999999998,0.0,0.0,0.0,22.410935580231865,44.62107333359503,0,324,0.0
YOLOv12,0.9699999999999999,0.0,0.0,0.0,20.32421458074249,49.20239333368954,0,324,0.0
YOLOv12,0.9899999999999999,0.0,0.0,0.0,20.635080365838387,48.46116333307388,0,324,0.0
YOLOv26,0.01,91.8670654296875,54.92268204689026,64.35185074806213,20.75885373759269,48.17221666671685,656,324,0.4032564163208008
YOLOv26,0.03,91.26067757606506,54.36984300613403,63.148146867752075,20.920235118624674,47.800609999346,462,324,0.5654397010803223
YOLOv26,0.049999999999999996,90.59324264526367,54.229193925857544,62.80864477157593,21.04421094152055,47.5190066654856,422,324,0.6152902841567993
YOLOv26,0.06999999999999999,89.85499143600464,53.7225067615509,62.06790208816528,21.281938869757795,46.9882000000022,387,324,0.6655600666999817
YOLOv26,0.08999999999999998,89.85499143600464,53.65000367164612,61.91357970237732,21.007495684368788,47.60205666704375,371,324,0.6908571124076843
YOLOv26,0.10999999999999997,89.85499143600464,53.57186794281006,61.759257316589355,21.05718879827265,47.489719999187706,359,324,0.7106058597564697
YOLOv26,0.12999999999999998,89.85499143600464,53.34766507148743,61.41975522041321,21.7196991736292,46.04115333301403,351,324,0.7240893840789795
YOLOv26,0.15,89.02047872543335,53.18613648414612,61.265432834625244,21.303746689944756,46.940099999968275,345,324,0.7342640161514282
YOLOv26,0.16999999999999998,89.02047872543335,52.969640493392944,61.01852059364319,21.44761997962227,46.625219998774504,338,324,0.7461866736412048
YOLOv26,0.18999999999999997,88.15451264381409,52.82893180847168,60.61728596687317,21.594380796342215,46.30834333390036,331,324,0.758140504360199
YOLOv26,0.20999999999999996,87.27408647537231,52.42271423339844,60.18518805503845,22.49145156166894,44.46133666642709,324,324,0.7702100276947021
YOLOv26,0.22999999999999998,87.27408647537231,52.317267656326294,59.93826985359192,21.62891231863943,46.234410000276206,322,324,0.7735738158226013
YOLOv26,0.24999999999999997,87.27408647537231,52.317267656326294,59.93826985359192,21.435597711284125,46.65136999998746,320,324,0.7768985033035278
YOLOv26,0.26999999999999996,87.27408647537231,52.15618014335632,59.78395342826843,21.142210755349634,47.29874333255187,314,324,0.7867861986160278
YOLOv26,0.29,86.37227416038513,51.900458335876465,59.59876775741577,20.8510291964433,47.95926333317766,311,324,0.7917509078979492
YOLOv26,0.30999999999999994,86.3720178604126,51.90021991729736,59.41358208656311,21.285224563015273,46.980946667463286,309,324,0.7948843240737915
YOLOv26,0.32999999999999996,85.46202182769775,51.26294493675232,58.70370268821716,21.633689712362035,46.224199999899916,302,324,0.8059371709823608
YOLOv26,0.35,85.46202182769775,51.23933553695679,58.64197611808777,21.9795259248393,45.496886667145496,297,324,0.8137481212615967
YOLOv26,0.36999999999999994,85.46202182769775,51.23933553695679,58.64197611808777,21.009265506631397,47.598046665855996,297,324,0.8137481212615967
YOLOv26,0.38999999999999996,85.46202182769775,51.23933553695679,58.64197611808777,21.585033628072143,46.32839666737709,296,324,0.8151825070381165
YOLOv26,0.4099999999999999,85.46202182769775,50.990474224090576,58.42592716217041,21.011521247421552,47.592936666721165,295,324,0.8165942430496216
YOLOv26,0.42999999999999994,85.46202182769775,50.990474224090576,58.42592716217041,21.241966819523252,47.0766199992795,294,324,0.8179482817649841
YOLOv26,0.44999999999999996,85.46202182769775,50.990474224090576,58.42592716217041,21.72245137034397,46.035319999161096,292,324,0.8205690383911133
YOLOv26,0.4699999999999999,84.5127522945404,50.76521635055542,58.179014921188354,21.300417466858825,46.9474366667176,290,324,0.82306307554245
YOLOv26,0.48999999999999994,84.5127522945404,50.49771070480347,57.74691104888916,21.18432374179804,47.20471666635907,287,324,0.8266390562057495
YOLOv26,0.5099999999999999,84.5127522945404,50.49771070480347,57.74691104888916,22.592787448417553,44.26191333332099,286,324,0.8277603983879089
YOLOv26,0.5299999999999999,82.59330987930298,49.777621030807495,56.975311040878296,22.211174220410673,45.022383331767436,281,324,0.8332611322402954
YOLOv26,0.5499999999999999,82.59285688400269,49.69790279865265,56.697529554367065,20.33363427093475,49.179600000449376,280,324,0.8343333005905151
YOLOv26,0.57,82.59193897247314,49.426597356796265,56.296294927597046,21.705361296416,46.0715666670391,278,324,0.8362488746643066
YOLOv26,0.59,81.63354396820068,49.07518029212952,56.04938268661499,22.267643266724136,44.90820999878148,277,324,0.8371631503105164
YOLOv26,0.6099999999999999,80.67467212677002,48.380106687545776,55.06172776222229,20.190476959579648,49.52830000014122,273,324,0.8407240509986877
YOLOv26,0.6299999999999999,79.71697449684143,48.10968041419983,54.722219705581665,20.618490098744196,48.50015666573503,271,324,0.8423757553100586
YOLOv26,0.6499999999999999,78.75930666923523,47.4418580532074,53.73457074165344,19.80606168505772,50.48959333265278,264,324,0.8477398157119751
YOLOv26,0.6699999999999999,77.79909372329712,47.1253901720047,53.45678925514221,21.258274428992717,47.040506666720226,263,324,0.8484758734703064
YOLOv26,0.69,76.83911323547363,46.453818678855896,52.77777910232544,21.47682064034814,46.56182666634171,259,324,0.8510900139808655
YOLOv26,0.7099999999999999,74.9128520488739,45.74780464172363,51.88271403312683,21.320963005482902,46.902196666390715,253,324,0.8546563982963562
YOLOv26,0.7299999999999999,74.91275668144226,45.281535387039185,51.17284059524536,21.142423823867286,47.2982666666212,249,324,0.8568260073661804
YOLOv26,0.7499999999999999,73.94471168518066,44.758257269859314,50.58642029762268,21.753768513878036,45.96904666711149,245,324,0.8586884140968323
YOLOv26,0.7699999999999999,70.05912661552429,43.15954148769379,48.73456656932831,22.143707197691256,45.15955666647642,235,324,0.8629230260848999
YOLOv26,0.7899999999999999,66.17929339408875,40.885815024375916,45.987653732299805,20.70525694059263,48.296913333130455,222,324,0.8678326606750488
YOLOv26,0.8099999999999998,62.303751707077026,39.23628628253937,43.95061731338501,20.130257528270352,49.67646333364731,208,324,0.8723114132881165
YOLOv26,0.8299999999999998,57.42574334144592,36.88264787197113,41.04938209056854,21.47304978424887,46.570003331968714,188,324,0.8777351379394531
YOLOv26,0.8499999999999999,49.504950642585754,32.31474757194519,35.864198207855225,21.40895776489446,46.70941999987311,160,324,0.8839511871337891
YOLOv26,0.8699999999999999,35.64356565475464,24.320663511753082,26.913580298423767,21.546419570229265,46.41142333372651,116,324,0.8932691812515259
YOLOv26,0.8899999999999999,20.792078971862793,14.727474749088287,15.864197909832,21.142015569881515,47.29917999987568,66,324,0.9028280973434448
YOLOv26,0.9099999999999999,3.9603959769010544,2.432793192565441,2.222222276031971,22.00184522154232,45.450733333079064,11,324,0.9207932353019714
YOLOv26,0.9299999999999998,0.9900989942252636,0.6930693052709103,0.21604937501251698,21.09326979839356,47.40848666697275,1,324,0.939795732498169
YOLOv26,0.9499999999999998,0.0,0.0,0.0,21.663662398024965,46.160246666840976,0,324,0.0
YOLOv26,0.9699999999999999,0.0,0.0,0.0,22.485886733134144,44.47234000011425,0,324,0.0
YOLOv26,0.9899999999999999,0.0,0.0,0.0,21.344905497219862,46.84958666742508,0,324,0.0
